id,description,vendor,cwe_category,cwe_explanation,cause,impact,published,cvss_score,severity,source,description_without_punct,description_normalized,explanation
6C28176D6745BA75C7D14C81D30D131282134D1D90EB73263EADD6F0580C8B56,"## Summary

IBM Integration Bus for z/OS is vulnerable to memory leaking, segmentation fault or heap-use-after-free due to Eclipse Mosquitto.

## Vulnerability Details

**CVEID:**CVE-2024-8376  
**DESCRIPTION:** In Eclipse Mosquitto up to version 2.0.18a, an attacker can achieve memory leaking, segm",Eclipse Mosquitto,CWE-416,Use After Free,Improper memory management in Eclipse Mosquitto leading to use-after-free errors,Memory corruption leading to denial of service or arbitrary code execution,2025-01-28T22:08:51,7.2,HIGH,vulners," summary

ibm integration bus for zos is vulnerable to memory leaking segmentation fault or heapuseafterfree due to eclipse mosquitto

 vulnerability details

cveidcve20248376  
description in eclipse mosquitto up to version 2018a an attacker can achieve memory leaking segm","## Summary

IBM Integration Bus for z/OS is vulnerable to memory leaking, segmentation fault or heap-use-after-free due to Eclipse Mosquitto.

## Vulnerability Details

**CVEID:**CVE-2024-8376  
**DESCRIPTION:** In Eclipse Mosquitto up to version 2.0.18a, an attacker can achieve memory leaking, segm",Use After Free
ROSA-SA-2025-2633,"software: mosquitto 2.0.15
WASP: ROSA-CHROME

package_evr_string: mosquitto-2.0.15

CVE-ID: CVE-2023-0809
BDU-ID: 2024-04210
CVE-Crit: MEDIUM
CVE-DESC.: A vulnerability in the CONNECT component of the Eclipse Mosquitto message broker is related to memory allocation based on an unreliable value of la",Eclipse Mosquitto,CWE-789,Uncontrolled Memory Allocation,Memory allocation based on an unreliable value in the CONNECT component,Denial of Service due to excessive memory consumption,2025-01-28T18:35:58,7.5,HIGH,vulners,"software mosquitto 2015
wasp rosachrome

package_evr_string mosquitto2015

cveid cve20230809
bduid 202404210
cvecrit medium
cvedesc a vulnerability in the connect component of the eclipse mosquitto message broker is related to memory allocation based on an unreliable value of la","software: mosquitto 2.0.15
WASP: ROSA-CHROME

package_evr_string: mosquitto-2.0.15

CVE-ID: CVE-2023-0809
BDU-ID: 2024-04210
CVE-Crit: MEDIUM
CVE-DESC.: A vulnerability in the CONNECT component of the Eclipse Mosquitto message broker is related to memory allocation based on an unreliable value of la",Uncontrolled Memory Allocation
OSV:RHSA-2024:8906,Bulletin has no description,Eclipse Mosquitto,CWE-1003,Insufficient Information for Understanding a Vulnerability,Missing or incomplete vulnerability description in the bulletin,Inability to assess risk or apply mitigations due to lack of details,2024-11-13T21:18:51,7.2,HIGH,vulners,bulletin has no description,Bulletin has no description,Insufficient Information for Understanding a Vulnerability
DEBIAN:BSA-120:CF05C,"Philippe Coval uploaded new packages for mosquitto which fixed the
following security problems:

CVE-2024-8376

In Eclipse Mosquitto up to version 2.0.18a, an attacker can achieve
memory leaking, segmentation fault or heap-use-after-free by sending
specific sequences of &quot;CONNECT&quot;, &quot;DI",Eclipse Mosquitto,CWE-416,Use After Free,Improper handling of CONNECT and DISCONNECT messages leading to memory corruption,"Memory leaks, segmentation faults, or potential remote code execution",2024-11-12T08:01:17,7.2,HIGH,vulners,"philippe coval uploaded new packages for mosquitto which fixed the
following security problems

cve20248376

in eclipse mosquitto up to version 2018a an attacker can achieve
memory leaking segmentation fault or heapuseafterfree by sending
specific sequences of quotconnectquot quotdi","Philippe Coval uploaded new packages for mosquitto which fixed the
following security problems:

CVE-2024-8376

In Eclipse Mosquitto up to version 2.0.18a, an attacker can achieve
memory leaking, segmentation fault or heap-use-after-free by sending
specific sequences of &quot;CONNECT&quot;, &quot;DI",Use After Free
ROS-20241112-07,"Eclipse Mosquitto message broker vulnerability is related to a heap buffer overflow when executing a
on_subscribe callback. Exploitation of the vulnerability could allow an attacker acting
remotely to gain access to sensitive information

The Eclipse Mosquitto message broker vulnerability is related",Eclipse Mosquitto,CWE-122,"Heap-based buffer overflow occurs when a program writes more data to a heap-allocated buffer than it can hold, leading to memory corruption.",Improper input handling in the on_subscribe callback causing a heap buffer overflow,"Remote attackers could access sensitive information, leading to information disclosure",2024-11-12T00:00:00,7.2,HIGH,vulners,"eclipse mosquitto message broker vulnerability is related to a heap buffer overflow when executing a
on_subscribe callback exploitation of the vulnerability could allow an attacker acting
remotely to gain access to sensitive information

the eclipse mosquitto message broker vulnerability is related","Eclipse Mosquitto message broker vulnerability is related to a heap buffer overflow when executing a
on_subscribe callback. Exploitation of the vulnerability could allow an attacker acting
remotely to gain access to sensitive information

The Eclipse Mosquitto message broker vulnerability is related","Heap-based buffer overflow occurs when a program writes more data to a heap-allocated buffer than it can hold, leading to memory corruption."
OSV:RHSA-2024:8718,Bulletin has no description,Eclipse Mosquitto,CWE-1007,Insufficient Explanation of a Vulnerability in a Security Bulletin,Missing description in the security bulletin,"Users cannot assess the vulnerability's relevance or severity, leading to uninformed decisions and potential exploitation",2024-11-06T14:07:21,7.2,HIGH,vulners,bulletin has no description,Bulletin has no description,Insufficient Explanation of a Vulnerability in a Security Bulletin
OSV:RHSA-2024:8719,Bulletin has no description,Eclipse Mosquitto,CWE-1007,Insufficient Information Exposure due to missing vulnerability details,Lack of description in the security bulletin,Inability to assess or mitigate the vulnerability effectively,2024-11-06T14:07:11,7.2,HIGH,vulners,bulletin has no description,Bulletin has no description,Insufficient Information Exposure due to missing vulnerability details
RH:CVE-2024-10525,"A flaw was found in Eclipse Mosquitto. If a malicious broker sends a specially crafted packet, it may trigger a buffer overflow condition in a client using libmosquitto. This issue can lead to an application crash or, in some circumstances, arbitrary code execution.
",Eclipse Mosquitto,CWE-120,Buffer Copy without Checking Size of Input ('Classic Buffer Overflow'),Improper input validation leading to buffer overflow when processing crafted packets,Application crash or arbitrary code execution,2024-10-30T19:58:15,7.6,HIGH,vulners,"a flaw was found in eclipse mosquitto if a malicious broker sends a specially crafted packet it may trigger a buffer overflow condition in a client using libmosquitto this issue can lead to an application crash or in some circumstances arbitrary code execution
","A flaw was found in Eclipse Mosquitto. If a malicious broker sends a specially crafted packet, it may trigger a buffer overflow condition in a client using libmosquitto. This issue can lead to an application crash or, in some circumstances, arbitrary code execution.
",Buffer Copy without Checking Size of Input ('Classic Buffer Overflow')
DEBIANCVE:CVE-2024-3935,"In Eclipse Mosquito, versions from 2.0.0 through 2.0.18, if a Mosquitto broker is configured to create an outgoing bridge connection, and that bridge connection has an incoming topic configured that makes use of topic remapping, then if the remote connection sends a crafted PUBLISH packet to the bro",Eclipse Mosquitto,CWE-122,Heap-based Buffer Overflow,Improper handling of crafted PUBLISH packets in bridge connections with topic remapping,Denial of Service via broker crash or potential arbitrary code execution,2024-10-30T12:15:03,6.0,MEDIUM,vulners,in eclipse mosquito versions from 200 through 2018 if a mosquitto broker is configured to create an outgoing bridge connection and that bridge connection has an incoming topic configured that makes use of topic remapping then if the remote connection sends a crafted publish packet to the bro,"In Eclipse Mosquito, versions from 2.0.0 through 2.0.18, if a Mosquitto broker is configured to create an outgoing bridge connection, and that bridge connection has an incoming topic configured that makes use of topic remapping, then if the remote connection sends a crafted PUBLISH packet to the bro",Heap-based Buffer Overflow
OSV:CVE-2024-3935,"In Eclipse Mosquito, versions from 2.0.0 through 2.0.18, if a Mosquitto broker is configured to create an outgoing bridge connection, and that bridge connection has an incoming topic configured that makes use of topic remapping, then if the remote connection sends a crafted PUBLISH packet to the bro",Eclipse Mosquitto,CWE-20,Improper Input Validation,Improper validation of crafted PUBLISH packets in bridge connections with topic remapping,Arbitrary code execution or denial of service,2024-10-30T12:15:03,6.0,MEDIUM,vulners,in eclipse mosquito versions from 200 through 2018 if a mosquitto broker is configured to create an outgoing bridge connection and that bridge connection has an incoming topic configured that makes use of topic remapping then if the remote connection sends a crafted publish packet to the bro,"In Eclipse Mosquito, versions from 2.0.0 through 2.0.18, if a Mosquitto broker is configured to create an outgoing bridge connection, and that bridge connection has an incoming topic configured that makes use of topic remapping, then if the remote connection sends a crafted PUBLISH packet to the bro",Improper Input Validation
NVD:CVE-2024-3935,"In Eclipse Mosquito, versions from 2.0.0 through 2.0.18, if a Mosquitto broker is configured to create an outgoing bridge connection, and that bridge connection has an incoming topic configured that makes use of topic remapping, then if the remote connection sends a crafted PUBLISH packet to the bro",Eclipse Mosquitto,CWE-119,Improper Restriction of Operations within the Bounds of a Memory Buffer,Improper handling of crafted PUBLISH packets during topic remapping in bridge connections,Denial of Service (broker crash),2024-10-30T12:15:03,6.5,MEDIUM,vulners,in eclipse mosquito versions from 200 through 2018 if a mosquitto broker is configured to create an outgoing bridge connection and that bridge connection has an incoming topic configured that makes use of topic remapping then if the remote connection sends a crafted publish packet to the bro,"In Eclipse Mosquito, versions from 2.0.0 through 2.0.18, if a Mosquitto broker is configured to create an outgoing bridge connection, and that bridge connection has an incoming topic configured that makes use of topic remapping, then if the remote connection sends a crafted PUBLISH packet to the bro",Improper Restriction of Operations within the Bounds of a Memory Buffer
ALPINE:CVE-2024-3935,"In Eclipse Mosquito, versions from 2.0.0 through 2.0.18, if a Mosquitto broker is configured to create an outgoing bridge connection, and that bridge connection has an incoming topic configured that makes use of topic remapping, then if the remote connection sends a crafted PUBLISH packet to the bro",Eclipse Mosquitto,CWE-122,Heap-based Buffer Overflow,Improper handling of crafted PUBLISH packets in bridge connections with topic remapping,Denial of Service via broker crash or potential arbitrary code execution,2024-10-30T12:15:03,6.0,MEDIUM,vulners,in eclipse mosquito versions from 200 through 2018 if a mosquitto broker is configured to create an outgoing bridge connection and that bridge connection has an incoming topic configured that makes use of topic remapping then if the remote connection sends a crafted publish packet to the bro,"In Eclipse Mosquito, versions from 2.0.0 through 2.0.18, if a Mosquitto broker is configured to create an outgoing bridge connection, and that bridge connection has an incoming topic configured that makes use of topic remapping, then if the remote connection sends a crafted PUBLISH packet to the bro",Heap-based Buffer Overflow
CVE-2024-3935,"In Eclipse Mosquito, versions from 2.0.0 through 2.0.18, if a Mosquitto broker is configured to create an outgoing bridge connection, and that bridge connection has an incoming topic configured that makes use of topic remapping, then if the remote connection sends a crafted PUBLISH packet to the bro",Eclipse Mosquitto,CWE-122,Heap-based Buffer Overflow,Improper handling of crafted PUBLISH packets in bridge connections with topic remapping,Denial of Service via broker crash or potential arbitrary code execution,2024-10-30T12:15:03,6.0,MEDIUM,vulners,in eclipse mosquito versions from 200 through 2018 if a mosquitto broker is configured to create an outgoing bridge connection and that bridge connection has an incoming topic configured that makes use of topic remapping then if the remote connection sends a crafted publish packet to the bro,"In Eclipse Mosquito, versions from 2.0.0 through 2.0.18, if a Mosquitto broker is configured to create an outgoing bridge connection, and that bridge connection has an incoming topic configured that makes use of topic remapping, then if the remote connection sends a crafted PUBLISH packet to the bro",Heap-based Buffer Overflow
OSV:CVE-2024-10525,"In Eclipse Mosquitto, from version 1.3.2 through 2.0.18, if a malicious broker sends a crafted SUBACK packet with no reason codes, a client using libmosquitto may make out of bounds memory access when acting in its on_subscribe callback. This affects the mosquitto_sub and mosquitto_rr clients.",Eclipse Mosquitto,CWE-125,Out-of-bounds Read,Failure to validate reason codes in SUBACK packet leading to out-of-bounds memory access,"Potential denial of service, information disclosure, or arbitrary code execution",2024-10-30T12:15:02,7.2,HIGH,vulners,in eclipse mosquitto from version 132 through 2018 if a malicious broker sends a crafted suback packet with no reason codes a client using libmosquitto may make out of bounds memory access when acting in its on_subscribe callback this affects the mosquitto_sub and mosquitto_rr clients,"In Eclipse Mosquitto, from version 1.3.2 through 2.0.18, if a malicious broker sends a crafted SUBACK packet with no reason codes, a client using libmosquitto may make out of bounds memory access when acting in its on_subscribe callback. This affects the mosquitto_sub and mosquitto_rr clients.",Out-of-bounds Read
DEBIANCVE:CVE-2024-10525,"In Eclipse Mosquitto, from version 1.3.2 through 2.0.18, if a malicious broker sends a crafted SUBACK packet with no reason codes, a client using libmosquitto may make out of bounds memory access when acting in its on_subscribe callback. This affects the mosquitto_sub and mosquitto_rr clients.",Eclipse Mosquitto,CWE-125,Out-of-bounds Read,Failure to validate reason codes in SUBACK packet leading to out-of-bounds memory access,"Potential denial of service, information disclosure, or arbitrary code execution",2024-10-30T12:15:02,7.2,HIGH,vulners,in eclipse mosquitto from version 132 through 2018 if a malicious broker sends a crafted suback packet with no reason codes a client using libmosquitto may make out of bounds memory access when acting in its on_subscribe callback this affects the mosquitto_sub and mosquitto_rr clients,"In Eclipse Mosquitto, from version 1.3.2 through 2.0.18, if a malicious broker sends a crafted SUBACK packet with no reason codes, a client using libmosquitto may make out of bounds memory access when acting in its on_subscribe callback. This affects the mosquitto_sub and mosquitto_rr clients.",Out-of-bounds Read
NVD:CVE-2024-10525,"In Eclipse Mosquitto, from version 1.3.2 through 2.0.18, if a malicious broker sends a crafted SUBACK packet with no reason codes, a client using libmosquitto may make out of bounds memory access when acting in its on_subscribe callback. This affects the mosquitto_sub and mosquitto_rr clients.",Eclipse Mosquitto,CWE-125,Out-of-bounds Read,Failure to validate reason codes in SUBACK packet leading to out-of-bounds memory access,"Potential denial of service, information disclosure, or arbitrary code execution",2024-10-30T12:15:02,9.8,CRITICAL,vulners,in eclipse mosquitto from version 132 through 2018 if a malicious broker sends a crafted suback packet with no reason codes a client using libmosquitto may make out of bounds memory access when acting in its on_subscribe callback this affects the mosquitto_sub and mosquitto_rr clients,"In Eclipse Mosquitto, from version 1.3.2 through 2.0.18, if a malicious broker sends a crafted SUBACK packet with no reason codes, a client using libmosquitto may make out of bounds memory access when acting in its on_subscribe callback. This affects the mosquitto_sub and mosquitto_rr clients.",Out-of-bounds Read
CVE-2024-10525,"In Eclipse Mosquitto, from version 1.3.2 through 2.0.18, if a malicious broker sends a crafted SUBACK packet with no reason codes, a client using libmosquitto may make out of bounds memory access when acting in its on_subscribe callback. This affects the mosquitto_sub and mosquitto_rr clients.",Eclipse Mosquitto,CWE-125,Out-of-bounds Read,Failure to validate reason codes in SUBACK packet leading to out-of-bounds memory access,"Potential denial of service, information disclosure, or arbitrary code execution",2024-10-30T12:15:02,7.2,HIGH,vulners,in eclipse mosquitto from version 132 through 2018 if a malicious broker sends a crafted suback packet with no reason codes a client using libmosquitto may make out of bounds memory access when acting in its on_subscribe callback this affects the mosquitto_sub and mosquitto_rr clients,"In Eclipse Mosquitto, from version 1.3.2 through 2.0.18, if a malicious broker sends a crafted SUBACK packet with no reason codes, a client using libmosquitto may make out of bounds memory access when acting in its on_subscribe callback. This affects the mosquitto_sub and mosquitto_rr clients.",Out-of-bounds Read
ALPINE:CVE-2024-10525,"In Eclipse Mosquitto, from version 1.3.2 through 2.0.18, if a malicious broker sends a crafted SUBACK packet with no reason codes, a client using libmosquitto may make out of bounds memory access when acting in its on_subscribe callback. This affects the mosquitto_sub and mosquitto_rr clients.",Eclipse Mosquitto,CWE-125,Out-of-bounds Read,Failure to validate reason codes in SUBACK packet leading to out-of-bounds memory access,"Potential denial of service, information disclosure, or arbitrary code execution",2024-10-30T12:15:02,7.2,HIGH,vulners,in eclipse mosquitto from version 132 through 2018 if a malicious broker sends a crafted suback packet with no reason codes a client using libmosquitto may make out of bounds memory access when acting in its on_subscribe callback this affects the mosquitto_sub and mosquitto_rr clients,"In Eclipse Mosquitto, from version 1.3.2 through 2.0.18, if a malicious broker sends a crafted SUBACK packet with no reason codes, a client using libmosquitto may make out of bounds memory access when acting in its on_subscribe callback. This affects the mosquitto_sub and mosquitto_rr clients.",Out-of-bounds Read
OSV:UBUNTU-CVE-2024-3935,"In Eclipse Mosquito, versions from 2.0.0 through 2.0.18, if a Mosquitto broker is configured to create an outgoing bridge connection, and that bridge connection has an incoming topic configured that makes use of topic remapping, then if the remote connection sends a crafted PUBLISH packet to the bro",Eclipse Mosquitto,CWE-122,Heap-based Buffer Overflow,Improper handling of crafted PUBLISH packets in bridge connections with topic remapping,Denial of Service via broker crash or potential arbitrary code execution,2024-10-30T12:15:00,6.0,MEDIUM,vulners,in eclipse mosquito versions from 200 through 2018 if a mosquitto broker is configured to create an outgoing bridge connection and that bridge connection has an incoming topic configured that makes use of topic remapping then if the remote connection sends a crafted publish packet to the bro,"In Eclipse Mosquito, versions from 2.0.0 through 2.0.18, if a Mosquitto broker is configured to create an outgoing bridge connection, and that bridge connection has an incoming topic configured that makes use of topic remapping, then if the remote connection sends a crafted PUBLISH packet to the bro",Heap-based Buffer Overflow
OSV:UBUNTU-CVE-2024-10525,"In Eclipse Mosquitto, from version 1.3.2 through 2.0.18, if a malicious broker sends a crafted SUBACK packet with no reason codes, a client using libmosquitto may make out of bounds memory access when acting in its on_subscribe callback. This affects the mosquitto_sub and mosquitto_rr clients.",Eclipse Mosquitto,CWE-125,Out-of-bounds Read,Improper handling of SUBACK packets with missing reason codes,Out-of-bounds memory access leading to crashes or potential information exposure,2024-10-30T12:15:00,7.2,HIGH,vulners,in eclipse mosquitto from version 132 through 2018 if a malicious broker sends a crafted suback packet with no reason codes a client using libmosquitto may make out of bounds memory access when acting in its on_subscribe callback this affects the mosquitto_sub and mosquitto_rr clients,"In Eclipse Mosquitto, from version 1.3.2 through 2.0.18, if a malicious broker sends a crafted SUBACK packet with no reason codes, a client using libmosquitto may make out of bounds memory access when acting in its on_subscribe callback. This affects the mosquitto_sub and mosquitto_rr clients.",Out-of-bounds Read
CVE-2024-10964,A vulnerability classified as critical has been found in emqx neuron up to 2.10.0. Affected is the function handle_add_plugin in the library cmd.library of the file plugins/restful/plugin_handle.c. The manipulation leads to buffer overflow. It is possible to launch the attack remotely. It is recomme,EMQX,CWE-120,Buffer Copy without Checking Size of Input ('Classic Buffer Overflow'),Insufficient input validation in handle_add_plugin function leading to buffer overflow,Remote code execution or denial of service via buffer overflow,2024-11-07T17:15:06,5.3,MEDIUM,vulners,a vulnerability classified as critical has been found in emqx neuron up to 2100 affected is the function handle_add_plugin in the library cmdlibrary of the file pluginsrestfulplugin_handlec the manipulation leads to buffer overflow it is possible to launch the attack remotely it is recomme,A vulnerability classified as critical has been found in emqx neuron up to 2.10.0. Affected is the function handle_add_plugin in the library cmd.library of the file plugins/restful/plugin_handle.c. The manipulation leads to buffer overflow. It is possible to launch the attack remotely. It is recomme,Buffer Copy without Checking Size of Input ('Classic Buffer Overflow')
NVD:CVE-2024-10965,A vulnerability classified as problematic was found in emqx neuron up to 2.10.0. Affected by this vulnerability is an unknown functionality of the file /api/v2/schema of the component JSON File Handler. The manipulation leads to information disclosure. The attack can be launched remotely. The patch ,EMQX,CWE-200,Exposure of Sensitive Information to an Unauthorized Actor,Insufficient access controls in the JSON File Handler component,Unauthorized remote information disclosure,2024-11-07T17:15:06,6.5,MEDIUM,vulners,a vulnerability classified as problematic was found in emqx neuron up to 2100 affected by this vulnerability is an unknown functionality of the file apiv2schema of the component json file handler the manipulation leads to information disclosure the attack can be launched remotely the patch ,A vulnerability classified as problematic was found in emqx neuron up to 2.10.0. Affected by this vulnerability is an unknown functionality of the file /api/v2/schema of the component JSON File Handler. The manipulation leads to information disclosure. The attack can be launched remotely. The patch ,Exposure of Sensitive Information to an Unauthorized Actor
NVD:CVE-2024-10964,A vulnerability classified as critical has been found in emqx neuron up to 2.10.0. Affected is the function handle_add_plugin in the library cmd.library of the file plugins/restful/plugin_handle.c. The manipulation leads to buffer overflow. It is possible to launch the attack remotely. It is recomme,EMQX,CWE-120,Buffer Copy without Checking Size of Input ('Classic Buffer Overflow'),Insufficient input validation in handle_add_plugin function leading to buffer overflow,Remote code execution or denial of service via buffer overflow,2024-11-07T17:15:06,9.8,CRITICAL,vulners,a vulnerability classified as critical has been found in emqx neuron up to 2100 affected is the function handle_add_plugin in the library cmdlibrary of the file pluginsrestfulplugin_handlec the manipulation leads to buffer overflow it is possible to launch the attack remotely it is recomme,A vulnerability classified as critical has been found in emqx neuron up to 2.10.0. Affected is the function handle_add_plugin in the library cmd.library of the file plugins/restful/plugin_handle.c. The manipulation leads to buffer overflow. It is possible to launch the attack remotely. It is recomme,Buffer Copy without Checking Size of Input ('Classic Buffer Overflow')
OSV:CVE-2024-10964,A vulnerability classified as critical has been found in emqx neuron up to 2.10.0. Affected is the function handle_add_plugin in the library cmd.library of the file plugins/restful/plugin_handle.c. The manipulation leads to buffer overflow. It is possible to launch the attack remotely. It is recomme,EMQX,CWE-120,Buffer Copy without Checking Size of Input ('Classic Buffer Overflow'),Insufficient input validation in handle_add_plugin function leading to buffer overflow,Remote code execution or denial of service via buffer overflow,2024-11-07T17:15:06,5.3,MEDIUM,vulners,a vulnerability classified as critical has been found in emqx neuron up to 2100 affected is the function handle_add_plugin in the library cmdlibrary of the file pluginsrestfulplugin_handlec the manipulation leads to buffer overflow it is possible to launch the attack remotely it is recomme,A vulnerability classified as critical has been found in emqx neuron up to 2.10.0. Affected is the function handle_add_plugin in the library cmd.library of the file plugins/restful/plugin_handle.c. The manipulation leads to buffer overflow. It is possible to launch the attack remotely. It is recomme,Buffer Copy without Checking Size of Input ('Classic Buffer Overflow')
CVE-2024-10965,A vulnerability classified as problematic was found in emqx neuron up to 2.10.0. Affected by this vulnerability is an unknown functionality of the file /api/v2/schema of the component JSON File Handler. The manipulation leads to information disclosure. The attack can be launched remotely. The patch ,EMQX,CWE-200,Exposure of Sensitive Information to an Unauthorized Actor,Insufficient access controls in the JSON File Handler component,Unauthorized remote information disclosure,2024-11-07T17:15:06,5.3,MEDIUM,vulners,a vulnerability classified as problematic was found in emqx neuron up to 2100 affected by this vulnerability is an unknown functionality of the file apiv2schema of the component json file handler the manipulation leads to information disclosure the attack can be launched remotely the patch ,A vulnerability classified as problematic was found in emqx neuron up to 2.10.0. Affected by this vulnerability is an unknown functionality of the file /api/v2/schema of the component JSON File Handler. The manipulation leads to information disclosure. The attack can be launched remotely. The patch ,Exposure of Sensitive Information to an Unauthorized Actor
OSV:CVE-2024-10965,A vulnerability classified as problematic was found in emqx neuron up to 2.10.0. Affected by this vulnerability is an unknown functionality of the file /api/v2/schema of the component JSON File Handler. The manipulation leads to information disclosure. The attack can be launched remotely. The patch ,EMQX,CWE-200,Exposure of Sensitive Information to an Unauthorized Actor,Insufficient access controls in the JSON File Handler component,Unauthorized remote information disclosure,2024-11-07T17:15:06,5.3,MEDIUM,vulners,a vulnerability classified as problematic was found in emqx neuron up to 2100 affected by this vulnerability is an unknown functionality of the file apiv2schema of the component json file handler the manipulation leads to information disclosure the attack can be launched remotely the patch ,A vulnerability classified as problematic was found in emqx neuron up to 2.10.0. Affected by this vulnerability is an unknown functionality of the file /api/v2/schema of the component JSON File Handler. The manipulation leads to information disclosure. The attack can be launched remotely. The patch ,Exposure of Sensitive Information to an Unauthorized Actor
VULNRICHMENT:CVE-2024-10965,A vulnerability classified as problematic was found in emqx neuron up to 2.10.0. Affected by this vulnerability is an unknown functionality of the file /api/v2/schema of the component JSON File Handler. The manipulation leads to information disclosure. The attack can be launched remotely. The patch ,EMQX,CWE-200,Exposure of Sensitive Information to an Unauthorized Actor,Improper handling of the /api/v2/schema endpoint in the JSON File Handler,Unauthorized remote access to sensitive information leading to information disclosure,2024-11-07T17:00:12,5.3,MEDIUM,vulners,a vulnerability classified as problematic was found in emqx neuron up to 2100 affected by this vulnerability is an unknown functionality of the file apiv2schema of the component json file handler the manipulation leads to information disclosure the attack can be launched remotely the patch ,A vulnerability classified as problematic was found in emqx neuron up to 2.10.0. Affected by this vulnerability is an unknown functionality of the file /api/v2/schema of the component JSON File Handler. The manipulation leads to information disclosure. The attack can be launched remotely. The patch ,Exposure of Sensitive Information to an Unauthorized Actor
CVELIST:CVE-2024-10965,A vulnerability classified as problematic was found in emqx neuron up to 2.10.0. Affected by this vulnerability is an unknown functionality of the file /api/v2/schema of the component JSON File Handler. The manipulation leads to information disclosure. The attack can be launched remotely. The patch ,EMQX,CWE-200,Exposure of Sensitive Information to an Unauthorized Actor,Insufficient access controls in the JSON File Handler component,Unauthorized remote information disclosure,2024-11-07T17:00:12,5.3,MEDIUM,vulners,a vulnerability classified as problematic was found in emqx neuron up to 2100 affected by this vulnerability is an unknown functionality of the file apiv2schema of the component json file handler the manipulation leads to information disclosure the attack can be launched remotely the patch ,A vulnerability classified as problematic was found in emqx neuron up to 2.10.0. Affected by this vulnerability is an unknown functionality of the file /api/v2/schema of the component JSON File Handler. The manipulation leads to information disclosure. The attack can be launched remotely. The patch ,Exposure of Sensitive Information to an Unauthorized Actor
VULNRICHMENT:CVE-2024-10964,A vulnerability classified as critical has been found in emqx neuron up to 2.10.0. Affected is the function handle_add_plugin in the library cmd.library of the file plugins/restful/plugin_handle.c. The manipulation leads to buffer overflow. It is possible to launch the attack remotely. It is recomme,EMQX,CWE-120,Buffer Copy without Checking Size of Input ('Classic Buffer Overflow'),Insufficient input validation in handle_add_plugin function leading to buffer overflow,Remote code execution or denial of service via buffer overflow,2024-11-07T17:00:09,5.3,MEDIUM,vulners,a vulnerability classified as critical has been found in emqx neuron up to 2100 affected is the function handle_add_plugin in the library cmdlibrary of the file pluginsrestfulplugin_handlec the manipulation leads to buffer overflow it is possible to launch the attack remotely it is recomme,A vulnerability classified as critical has been found in emqx neuron up to 2.10.0. Affected is the function handle_add_plugin in the library cmd.library of the file plugins/restful/plugin_handle.c. The manipulation leads to buffer overflow. It is possible to launch the attack remotely. It is recomme,Buffer Copy without Checking Size of Input ('Classic Buffer Overflow')
CVELIST:CVE-2024-10964,A vulnerability classified as critical has been found in emqx neuron up to 2.10.0. Affected is the function handle_add_plugin in the library cmd.library of the file plugins/restful/plugin_handle.c. The manipulation leads to buffer overflow. It is possible to launch the attack remotely. It is recomme,EMQX,CWE-120,Buffer Copy without Checking Size of Input ('Classic Buffer Overflow'),Improper input validation in handle_add_plugin leading to buffer overflow,Remote code execution or denial of service,2024-11-07T17:00:09,5.3,MEDIUM,vulners,a vulnerability classified as critical has been found in emqx neuron up to 2100 affected is the function handle_add_plugin in the library cmdlibrary of the file pluginsrestfulplugin_handlec the manipulation leads to buffer overflow it is possible to launch the attack remotely it is recomme,A vulnerability classified as critical has been found in emqx neuron up to 2.10.0. Affected is the function handle_add_plugin in the library cmd.library of the file plugins/restful/plugin_handle.c. The manipulation leads to buffer overflow. It is possible to launch the attack remotely. It is recomme,Buffer Copy without Checking Size of Input ('Classic Buffer Overflow')
CVE-2024-44460,An invalid read size in Nanomq v0.21.9 allows attackers to cause a Denial of Service (DoS).,EMQX,CWE-125,Out-of-bounds Read,Invalid read size due to improper buffer size handling,Denial of Service (DoS),2024-09-12T20:15:04,7.5,HIGH,vulners,an invalid read size in nanomq v0219 allows attackers to cause a denial of service dos,An invalid read size in Nanomq v0.21.9 allows attackers to cause a Denial of Service (DoS).,Out-of-bounds Read
OSV:CVE-2023-37781,An issue in the emqx_sn plugin of EMQX v4.3.8 allows attackers to execute a directory traversal via uploading a crafted .txt file.,EMQX,CWE-22,Improper Limitation of a Pathname to a Restricted Directory ('Path Traversal'),Insufficient validation of file paths in the emqx_sn plugin allowing crafted .txt files to traverse directories,Unauthorized access to files and directories via directory traversal,2023-07-17T20:15:13,6.5,MEDIUM,vulners,an issue in the emqx_sn plugin of emqx v438 allows attackers to execute a directory traversal via uploading a crafted txt file,An issue in the emqx_sn plugin of EMQX v4.3.8 allows attackers to execute a directory traversal via uploading a crafted .txt file.,Improper Limitation of a Pathname to a Restricted Directory ('Path Traversal')
CVE-2023-37781,An issue in the emqx_sn plugin of EMQX v4.3.8 allows attackers to execute a directory traversal via uploading a crafted .txt file.,EMQX,CWE-22,Improper Limitation of a Pathname to a Restricted Directory ('Path Traversal'),Insufficient validation of file paths in the emqx_sn plugin when uploading .txt files,Attackers can execute directory traversal to upload malicious files to arbitrary locations,2023-07-17T20:15:13,6.5,MEDIUM,vulners,an issue in the emqx_sn plugin of emqx v438 allows attackers to execute a directory traversal via uploading a crafted txt file,An issue in the emqx_sn plugin of EMQX v4.3.8 allows attackers to execute a directory traversal via uploading a crafted .txt file.,Improper Limitation of a Pathname to a Restricted Directory ('Path Traversal')
NVD:CVE-2023-37781,An issue in the emqx_sn plugin of EMQX v4.3.8 allows attackers to execute a directory traversal via uploading a crafted .txt file.,EMQX,CWE-22,Improper Limitation of a Pathname to a Restricted Directory ('Path Traversal'),Insufficient validation of file paths in the emqx_sn plugin when uploading .txt files,Attackers can execute directory traversal to upload malicious files to arbitrary locations,2023-07-17T20:15:13,6.5,MEDIUM,vulners,an issue in the emqx_sn plugin of emqx v438 allows attackers to execute a directory traversal via uploading a crafted txt file,An issue in the emqx_sn plugin of EMQX v4.3.8 allows attackers to execute a directory traversal via uploading a crafted .txt file.,Improper Limitation of a Pathname to a Restricted Directory ('Path Traversal')
PRION:CVE-2023-37781,An issue in the emqx_sn plugin of EMQX v4.3.8 allows attackers to execute a directory traversal via uploading a crafted .txt file.,EMQX,CWE-22,Improper Limitation of a Pathname to a Restricted Directory ('Path Traversal'),Insufficient validation of file paths in the emqx_sn plugin when uploading .txt files,Attackers can execute directory traversal to upload malicious files to arbitrary locations,2023-07-17T20:15:00,4.0,,vulners,an issue in the emqx_sn plugin of emqx v438 allows attackers to execute a directory traversal via uploading a crafted txt file,An issue in the emqx_sn plugin of EMQX v4.3.8 allows attackers to execute a directory traversal via uploading a crafted .txt file.,Improper Limitation of a Pathname to a Restricted Directory ('Path Traversal')
VULNRICHMENT:CVE-2023-37781,An issue in the emqx_sn plugin of EMQX v4.3.8 allows attackers to execute a directory traversal via uploading a crafted .txt file.,EMQX,CWE-22,Improper Limitation of a Pathname to a Restricted Directory ('Path Traversal'),Insufficient validation of file paths in the emqx_sn plugin when uploading .txt files,Attackers can execute directory traversal to upload malicious files to arbitrary locations,2023-07-17T00:00:00,0.0,NONE,vulners,an issue in the emqx_sn plugin of emqx v438 allows attackers to execute a directory traversal via uploading a crafted txt file,An issue in the emqx_sn plugin of EMQX v4.3.8 allows attackers to execute a directory traversal via uploading a crafted .txt file.,Improper Limitation of a Pathname to a Restricted Directory ('Path Traversal')
CVELIST:CVE-2023-37781,An issue in the emqx_sn plugin of EMQX v4.3.8 allows attackers to execute a directory traversal via uploading a crafted .txt file.,EMQX,CWE-22,Improper Limitation of a Pathname to a Restricted Directory ('Path Traversal'),Insufficient validation of file paths in the emqx_sn plugin when uploading .txt files,Attackers can execute directory traversal to upload malicious files to arbitrary locations,2023-07-17T00:00:00,0.0,NONE,vulners,an issue in the emqx_sn plugin of emqx v438 allows attackers to execute a directory traversal via uploading a crafted txt file,An issue in the emqx_sn plugin of EMQX v4.3.8 allows attackers to execute a directory traversal via uploading a crafted .txt file.,Improper Limitation of a Pathname to a Restricted Directory ('Path Traversal')
CVE-2023-34488,NanoMQ 0.17.5 is vulnerable to heap-buffer-overflow in the conn_handler function of mqtt_parser.c when it processes malformed messages.,EMQX,CWE-122,Heap-based Buffer Overflow,Improper validation of malformed messages in conn_handler function,Potential arbitrary code execution or denial of service via heap corruption,2023-06-12T14:15:19,7.8,HIGH,vulners,nanomq 0175 is vulnerable to heapbufferoverflow in the conn_handler function of mqtt_parserc when it processes malformed messages,NanoMQ 0.17.5 is vulnerable to heap-buffer-overflow in the conn_handler function of mqtt_parser.c when it processes malformed messages.,Heap-based Buffer Overflow
OSV:CVE-2023-34494,NanoMQ 0.16.5 is vulnerable to heap-use-after-free in the nano_ctx_send function of nmq_mqtt.c.,EMQX,CWE-416,Use After Free,Improper handling of freed heap memory in nano_ctx_send function,Potential arbitrary code execution or system crash due to memory corruption,2023-06-12T14:15:19,7.5,HIGH,vulners,nanomq 0165 is vulnerable to heapuseafterfree in the nano_ctx_send function of nmq_mqttc,NanoMQ 0.16.5 is vulnerable to heap-use-after-free in the nano_ctx_send function of nmq_mqtt.c.,Use After Free
OSV:CVE-2023-34488,NanoMQ 0.17.5 is vulnerable to heap-buffer-overflow in the conn_handler function of mqtt_parser.c when it processes malformed messages.,EMQX,CWE-122,Heap-based Buffer Overflow,Improper validation of input message size in conn_handler function,"Arbitrary code execution, denial of service, or memory corruption via crafted messages",2023-06-12T14:15:19,7.8,HIGH,vulners,nanomq 0175 is vulnerable to heapbufferoverflow in the conn_handler function of mqtt_parserc when it processes malformed messages,NanoMQ 0.17.5 is vulnerable to heap-buffer-overflow in the conn_handler function of mqtt_parser.c when it processes malformed messages.,Heap-based Buffer Overflow
NVD:CVE-2024-44459,A memory allocation issue in vernemq v2.0.1 allows attackers to cause a Denial of Service (DoS) via excessive memory consumption.,VerneMQ,CWE-770,Allocation of Resources Without Limits or Throttling,Improper memory management allowing excessive memory consumption,Denial of Service (DoS) due to memory exhaustion,2024-09-12T20:15:04,7.5,HIGH,vulners,a memory allocation issue in vernemq v201 allows attackers to cause a denial of service dos via excessive memory consumption,A memory allocation issue in vernemq v2.0.1 allows attackers to cause a Denial of Service (DoS) via excessive memory consumption.,Allocation of Resources Without Limits or Throttling
CVE-2024-44459,A memory allocation issue in vernemq v2.0.1 allows attackers to cause a Denial of Service (DoS) via excessive memory consumption.,VerneMQ,CWE-400,Uncontrolled Resource Consumption,Improper memory allocation handling leading to excessive memory consumption,Denial of Service (DoS) via memory exhaustion,2024-09-12T20:15:04,7.5,HIGH,vulners,a memory allocation issue in vernemq v201 allows attackers to cause a denial of service dos via excessive memory consumption,A memory allocation issue in vernemq v2.0.1 allows attackers to cause a Denial of Service (DoS) via excessive memory consumption.,Uncontrolled Resource Consumption
OSV:CVE-2024-44459,A memory allocation issue in vernemq v2.0.1 allows attackers to cause a Denial of Service (DoS) via excessive memory consumption.,VerneMQ,CWE-770,Allocation of Resources Without Limits or Throttling,Improper memory management allowing excessive memory consumption,Denial of Service (DoS) due to memory exhaustion,2024-09-12T20:15:04,7.5,HIGH,vulners,a memory allocation issue in vernemq v201 allows attackers to cause a denial of service dos via excessive memory consumption,A memory allocation issue in vernemq v2.0.1 allows attackers to cause a Denial of Service (DoS) via excessive memory consumption.,Allocation of Resources Without Limits or Throttling
VULNRICHMENT:CVE-2024-44459,A memory allocation issue in vernemq v2.0.1 allows attackers to cause a Denial of Service (DoS) via excessive memory consumption.,VerneMQ,CWE-770,Allocation of Resources Without Limits or Throttling,Improper memory management allowing excessive memory consumption,Denial of Service (DoS) due to memory exhaustion,2024-09-12T00:00:00,0.0,NONE,vulners,a memory allocation issue in vernemq v201 allows attackers to cause a denial of service dos via excessive memory consumption,A memory allocation issue in vernemq v2.0.1 allows attackers to cause a Denial of Service (DoS) via excessive memory consumption.,Allocation of Resources Without Limits or Throttling
CVELIST:CVE-2024-44459,A memory allocation issue in vernemq v2.0.1 allows attackers to cause a Denial of Service (DoS) via excessive memory consumption.,VerneMQ,CWE-770,Allocation of Resources Without Limits or Throttling,Improper memory management allowing excessive memory consumption,Denial of Service (DoS) due to memory exhaustion,2024-09-12T00:00:00,0.0,NONE,vulners,a memory allocation issue in vernemq v201 allows attackers to cause a denial of service dos via excessive memory consumption,A memory allocation issue in vernemq v2.0.1 allows attackers to cause a Denial of Service (DoS) via excessive memory consumption.,Allocation of Resources Without Limits or Throttling
OPENSUSE-SU-2021:1603-1,"An update that fixes four vulnerabilities is now available.

Description:

   This update for netdata fixes the following issues:

   Update to 1.31.0 (go.d.plugin 0.29.0)

   The v1.31.0 release of Netdata comes with re-packaged and redesigned
   elements of the dashboard to help you focus on your ",VerneMQ,CWE-937,Using Components with Known Vulnerabilities,"Use of outdated components (e.g., go.d.plugin) with known vulnerabilities","Potential exploitation of known vulnerabilities leading to various security risks (e.g., RCE, information disclosure)",2021-12-20T00:00:00,5.8,,vulners,"an update that fixes four vulnerabilities is now available

description

   this update for netdata fixes the following issues

   update to 1310 godplugin 0290

   the v1310 release of netdata comes with repackaged and redesigned
   elements of the dashboard to help you focus on your ","An update that fixes four vulnerabilities is now available.

Description:

   This update for netdata fixes the following issues:

   Update to 1.31.0 (go.d.plugin 0.29.0)

   The v1.31.0 release of Netdata comes with re-packaged and redesigned
   elements of the dashboard to help you focus on your ",Using Components with Known Vulnerabilities
CVE-2021-33175,"EMQ X Broker versions prior to 4.2.8 are vulnerable to a denial of service attack as a result of excessive memory consumption due to the handling of untrusted inputs. These inputs cause the message broker to consume large amounts of memory, resulting in the application being terminated by the operat",VerneMQ,CWE-400,Uncontrolled Resource Consumption,Handling of untrusted inputs leading to excessive memory consumption,Denial of Service due to application termination by the operating system,2021-06-08T15:15:07,7.5,HIGH,vulners,emq x broker versions prior to 428 are vulnerable to a denial of service attack as a result of excessive memory consumption due to the handling of untrusted inputs these inputs cause the message broker to consume large amounts of memory resulting in the application being terminated by the operat,"EMQ X Broker versions prior to 4.2.8 are vulnerable to a denial of service attack as a result of excessive memory consumption due to the handling of untrusted inputs. These inputs cause the message broker to consume large amounts of memory, resulting in the application being terminated by the operat",Uncontrolled Resource Consumption
NVD:CVE-2021-33175,"EMQ X Broker versions prior to 4.2.8 are vulnerable to a denial of service attack as a result of excessive memory consumption due to the handling of untrusted inputs. These inputs cause the message broker to consume large amounts of memory, resulting in the application being terminated by the operat",VerneMQ,CWE-400,Uncontrolled Resource Consumption,Handling of untrusted inputs leading to excessive memory consumption,Denial of Service due to application termination by the operating system,2021-06-08T15:15:07,7.5,HIGH,vulners,emq x broker versions prior to 428 are vulnerable to a denial of service attack as a result of excessive memory consumption due to the handling of untrusted inputs these inputs cause the message broker to consume large amounts of memory resulting in the application being terminated by the operat,"EMQ X Broker versions prior to 4.2.8 are vulnerable to a denial of service attack as a result of excessive memory consumption due to the handling of untrusted inputs. These inputs cause the message broker to consume large amounts of memory, resulting in the application being terminated by the operat",Uncontrolled Resource Consumption
OSV:CVE-2021-33176,"VerneMQ MQTT Broker versions prior to 1.12.0 are vulnerable to a denial of service attack as a result of excessive memory consumption due to the handling of untrusted inputs. These inputs cause the message broker to consume large amounts of memory, resulting in the application being terminated by th",VerneMQ,CWE-400,Uncontrolled Resource Consumption,Handling of untrusted inputs leading to excessive memory consumption,Denial of Service due to application termination,2021-06-08T15:15:07,5.0,,vulners,vernemq mqtt broker versions prior to 1120 are vulnerable to a denial of service attack as a result of excessive memory consumption due to the handling of untrusted inputs these inputs cause the message broker to consume large amounts of memory resulting in the application being terminated by th,"VerneMQ MQTT Broker versions prior to 1.12.0 are vulnerable to a denial of service attack as a result of excessive memory consumption due to the handling of untrusted inputs. These inputs cause the message broker to consume large amounts of memory, resulting in the application being terminated by th",Uncontrolled Resource Consumption
NVD:CVE-2021-33176,"VerneMQ MQTT Broker versions prior to 1.12.0 are vulnerable to a denial of service attack as a result of excessive memory consumption due to the handling of untrusted inputs. These inputs cause the message broker to consume large amounts of memory, resulting in the application being terminated by th",VerneMQ,CWE-400,Uncontrolled Resource Consumption,Handling of untrusted inputs leading to excessive memory consumption,Denial of Service via application termination due to memory exhaustion,2021-06-08T15:15:07,7.5,HIGH,vulners,vernemq mqtt broker versions prior to 1120 are vulnerable to a denial of service attack as a result of excessive memory consumption due to the handling of untrusted inputs these inputs cause the message broker to consume large amounts of memory resulting in the application being terminated by th,"VerneMQ MQTT Broker versions prior to 1.12.0 are vulnerable to a denial of service attack as a result of excessive memory consumption due to the handling of untrusted inputs. These inputs cause the message broker to consume large amounts of memory, resulting in the application being terminated by th",Uncontrolled Resource Consumption
CVE-2021-33176,"VerneMQ MQTT Broker versions prior to 1.12.0 are vulnerable to a denial of service attack as a result of excessive memory consumption due to the handling of untrusted inputs. These inputs cause the message broker to consume large amounts of memory, resulting in the application being terminated by th",VerneMQ,CWE-400,Uncontrolled Resource Consumption,Handling of untrusted inputs leading to excessive memory consumption,Denial of Service via application termination due to memory exhaustion,2021-06-08T15:15:07,7.5,HIGH,vulners,vernemq mqtt broker versions prior to 1120 are vulnerable to a denial of service attack as a result of excessive memory consumption due to the handling of untrusted inputs these inputs cause the message broker to consume large amounts of memory resulting in the application being terminated by th,"VerneMQ MQTT Broker versions prior to 1.12.0 are vulnerable to a denial of service attack as a result of excessive memory consumption due to the handling of untrusted inputs. These inputs cause the message broker to consume large amounts of memory, resulting in the application being terminated by th",Uncontrolled Resource Consumption
PRION:CVE-2021-33176,"VerneMQ MQTT Broker versions prior to 1.12.0 are vulnerable to a denial of service attack as a result of excessive memory consumption due to the handling of untrusted inputs. These inputs cause the message broker to consume large amounts of memory, resulting in the application being terminated by th",VerneMQ,CWE-400,Uncontrolled Resource Consumption,Handling of untrusted inputs leading to excessive memory consumption,Denial of Service via application termination due to memory exhaustion,2021-06-08T15:15:00,5.0,,vulners,vernemq mqtt broker versions prior to 1120 are vulnerable to a denial of service attack as a result of excessive memory consumption due to the handling of untrusted inputs these inputs cause the message broker to consume large amounts of memory resulting in the application being terminated by th,"VerneMQ MQTT Broker versions prior to 1.12.0 are vulnerable to a denial of service attack as a result of excessive memory consumption due to the handling of untrusted inputs. These inputs cause the message broker to consume large amounts of memory, resulting in the application being terminated by th",Uncontrolled Resource Consumption
PRION:CVE-2021-33175,"EMQ X Broker versions prior to 4.2.8 are vulnerable to a denial of service attack as a result of excessive memory consumption due to the handling of untrusted inputs. These inputs cause the message broker to consume large amounts of memory, resulting in the application being terminated by the operat",VerneMQ,CWE-400,Uncontrolled Resource Consumption,Handling of untrusted inputs leading to excessive memory consumption,Denial of Service due to application termination by the operating system,2021-06-08T15:15:00,5.0,,vulners,emq x broker versions prior to 428 are vulnerable to a denial of service attack as a result of excessive memory consumption due to the handling of untrusted inputs these inputs cause the message broker to consume large amounts of memory resulting in the application being terminated by the operat,"EMQ X Broker versions prior to 4.2.8 are vulnerable to a denial of service attack as a result of excessive memory consumption due to the handling of untrusted inputs. These inputs cause the message broker to consume large amounts of memory, resulting in the application being terminated by the operat",Uncontrolled Resource Consumption
CVELIST:CVE-2021-33176,"VerneMQ MQTT Broker versions prior to 1.12.0 are vulnerable to a denial of service attack as a result of excessive memory consumption due to the handling of untrusted inputs. These inputs cause the message broker to consume large amounts of memory, resulting in the application being terminated by th",VerneMQ,CWE-400,Uncontrolled Resource Consumption,Handling of untrusted inputs leading to excessive memory consumption,Denial of Service via application termination due to memory exhaustion,2021-06-08T14:31:23,0.0,NONE,vulners,vernemq mqtt broker versions prior to 1120 are vulnerable to a denial of service attack as a result of excessive memory consumption due to the handling of untrusted inputs these inputs cause the message broker to consume large amounts of memory resulting in the application being terminated by th,"VerneMQ MQTT Broker versions prior to 1.12.0 are vulnerable to a denial of service attack as a result of excessive memory consumption due to the handling of untrusted inputs. These inputs cause the message broker to consume large amounts of memory, resulting in the application being terminated by th",Uncontrolled Resource Consumption
CVELIST:CVE-2021-33175,"EMQ X Broker versions prior to 4.2.8 are vulnerable to a denial of service attack as a result of excessive memory consumption due to the handling of untrusted inputs. These inputs cause the message broker to consume large amounts of memory, resulting in the application being terminated by the operat",VerneMQ,CWE-400,Uncontrolled Resource Consumption,Handling of untrusted inputs leading to excessive memory consumption,Denial of Service due to application termination by the operating system,2021-06-08T14:31:16,0.0,NONE,vulners,emq x broker versions prior to 428 are vulnerable to a denial of service attack as a result of excessive memory consumption due to the handling of untrusted inputs these inputs cause the message broker to consume large amounts of memory resulting in the application being terminated by the operat,"EMQ X Broker versions prior to 4.2.8 are vulnerable to a denial of service attack as a result of excessive memory consumption due to the handling of untrusted inputs. These inputs cause the message broker to consume large amounts of memory, resulting in the application being terminated by the operat",Uncontrolled Resource Consumption
OPENSUSE-2021-647.NASL,"This update for netdata fixes the following issues :

  - Update to 1.29.3 Release v1.29.3 is a patch release to     improve the stability of the Netdata Agent. We     discovered a bug that when proc.plugin attempts to     collect the operstate parameter for a virtual network     interface. If the c",VerneMQ,CWE-400,Uncontrolled Resource Consumption,Improper handling of operstate parameter for virtual network interfaces by proc.plugin,Application instability or potential denial of service,2021-05-18T00:00:00,7.5,HIGH,vulners,"this update for netdata fixes the following issues 

   update to 1293 release v1293 is a patch release to     improve the stability of the netdata agent we     discovered a bug that when procplugin attempts to     collect the operstate parameter for a virtual network     interface if the c","This update for netdata fixes the following issues :

  - Update to 1.29.3 Release v1.29.3 is a patch release to     improve the stability of the Netdata Agent. We     discovered a bug that when proc.plugin attempts to     collect the operstate parameter for a virtual network     interface. If the c",Uncontrolled Resource Consumption
OPENSUSE-SU-2021:0730-1,"An update that fixes four vulnerabilities is now available.

Description:

   This update for netdata fixes the following issues:

   - Update to 1.29.3 Release v1.29.3 is a patch release to improve the
     stability of the Netdata Agent. We discovered a bug that when
     proc.plugin attempts to c",VerneMQ,CWE-400,Uncontrolled Resource Consumption,Bug in proc.plugin handling processes,Potential denial of service due to instability,2021-05-15T00:00:00,5.8,,vulners,"an update that fixes four vulnerabilities is now available

description

   this update for netdata fixes the following issues

    update to 1293 release v1293 is a patch release to improve the
     stability of the netdata agent we discovered a bug that when
     procplugin attempts to c","An update that fixes four vulnerabilities is now available.

Description:

   This update for netdata fixes the following issues:

   - Update to 1.29.3 Release v1.29.3 is a patch release to improve the
     stability of the Netdata Agent. We discovered a bug that when
     proc.plugin attempts to c",Uncontrolled Resource Consumption
OPENSUSE-SU-2021:0647-1,"An update that fixes four vulnerabilities is now available.

Description:

   This update for netdata fixes the following issues:

   - Update to 1.29.3 Release v1.29.3 is a patch release to improve the
     stability of the Netdata Agent. We discovered a bug that when
     proc.plugin attempts to c",VerneMQ,CWE-400,Uncontrolled Resource Consumption,Bug in proc.plugin handling processes,Potential denial of service due to instability,2021-05-01T00:00:00,5.8,,vulners,"an update that fixes four vulnerabilities is now available

description

   this update for netdata fixes the following issues

    update to 1293 release v1293 is a patch release to improve the
     stability of the netdata agent we discovered a bug that when
     procplugin attempts to c","An update that fixes four vulnerabilities is now available.

Description:

   This update for netdata fixes the following issues:

   - Update to 1.29.3 Release v1.29.3 is a patch release to improve the
     stability of the Netdata Agent. We discovered a bug that when
     proc.plugin attempts to c",Uncontrolled Resource Consumption
WOLFI:GHSA-QXP5-GWG8-XV66,"Vulnerabilities for packages: falco-exporter, ipfs, redis-operator, argocd-image-updater, rabbitmq-cluster-operator, k8ssandra-client, trust-manager, zarf, jitsucom-bulker, syft, gcp-compute-persistent-disk-csi-driver, flux-source-controller, glow, ksops, gcsfuse, coredns, buildkitd, boring-registry",RabbitMQ,CWE-1105,Insufficient Maintenance of Security Vulnerabilities,Lack of timely updates/patches for known vulnerabilities,Exploitation of unpatched vulnerabilities leading to system compromise,2025-03-12T22:06:40,0.0,NONE,vulners,vulnerabilities for packages falcoexporter ipfs redisoperator argocdimageupdater rabbitmqclusteroperator k8ssandraclient trustmanager zarf jitsucombulker syft gcpcomputepersistentdiskcsidriver fluxsourcecontroller glow ksops gcsfuse coredns buildkitd boringregistry,"Vulnerabilities for packages: falco-exporter, ipfs, redis-operator, argocd-image-updater, rabbitmq-cluster-operator, k8ssandra-client, trust-manager, zarf, jitsucom-bulker, syft, gcp-compute-persistent-disk-csi-driver, flux-source-controller, glow, ksops, gcsfuse, coredns, buildkitd, boring-registry",Insufficient Maintenance of Security Vulnerabilities
CHAINGUARD:GHSA-QXP5-GWG8-XV66,"Vulnerabilities for packages: aws-application-networking-k8s, glab, jaeger-operator, tigera-operator, harbor-fips, kbld, addon-resizer, cfssl-fips, sftpgo-plugin-kms, flux-kustomize-controller, hugo-extended, istio, dex-fips, hey, hcloud, kyverno-policy-reporter, kube-logging-logging-operator, gitla",RabbitMQ,CWE-937,Using Components with Known Vulnerabilities,Outdated or insecure dependencies in listed packages,Exploitation of known vulnerabilities leading to system compromise or data exposure,2025-03-12T22:06:40,0.0,NONE,vulners,vulnerabilities for packages awsapplicationnetworkingk8s glab jaegeroperator tigeraoperator harborfips kbld addonresizer cfsslfips sftpgopluginkms fluxkustomizecontroller hugoextended istio dexfips hey hcloud kyvernopolicyreporter kubeloggingloggingoperator gitla,"Vulnerabilities for packages: aws-application-networking-k8s, glab, jaeger-operator, tigera-operator, harbor-fips, kbld, addon-resizer, cfssl-fips, sftpgo-plugin-kms, flux-kustomize-controller, hugo-extended, istio, dex-fips, hey, hcloud, kyverno-policy-reporter, kube-logging-logging-operator, gitla",Using Components with Known Vulnerabilities
CHAINGUARD:CVE-2025-22870,"Vulnerabilities for packages: aws-application-networking-k8s, glab, jaeger-operator, tigera-operator, harbor-fips, kbld, addon-resizer, cfssl-fips, sftpgo-plugin-kms, flux-kustomize-controller, hugo-extended, istio, dex-fips, hey, hcloud, kyverno-policy-reporter, kube-logging-logging-operator, gitla",RabbitMQ,CWE-937,Using Components with Known Vulnerabilities,Outdated or insecure dependencies in listed packages,Exploitation of known vulnerabilities leading to system compromise or data exposure,2025-03-12T19:15:38,0.0,NONE,vulners,vulnerabilities for packages awsapplicationnetworkingk8s glab jaegeroperator tigeraoperator harborfips kbld addonresizer cfsslfips sftpgopluginkms fluxkustomizecontroller hugoextended istio dexfips hey hcloud kyvernopolicyreporter kubeloggingloggingoperator gitla,"Vulnerabilities for packages: aws-application-networking-k8s, glab, jaeger-operator, tigera-operator, harbor-fips, kbld, addon-resizer, cfssl-fips, sftpgo-plugin-kms, flux-kustomize-controller, hugo-extended, istio, dex-fips, hey, hcloud, kyverno-policy-reporter, kube-logging-logging-operator, gitla",Using Components with Known Vulnerabilities
WOLFI:CVE-2025-22870,"Vulnerabilities for packages: falco-exporter, ipfs, redis-operator, argocd-image-updater, rabbitmq-cluster-operator, k8ssandra-client, trust-manager, zarf, jitsucom-bulker, syft, gcp-compute-persistent-disk-csi-driver, flux-source-controller, glow, ksops, gcsfuse, coredns, buildkitd, boring-registry",RabbitMQ,CWE-1105,Insufficient Maintenance of Security Vulnerabilities,Lack of timely updates/patches for known vulnerabilities,Exploitation of unpatched vulnerabilities leading to system compromise,2025-03-12T19:15:38,0.0,NONE,vulners,vulnerabilities for packages falcoexporter ipfs redisoperator argocdimageupdater rabbitmqclusteroperator k8ssandraclient trustmanager zarf jitsucombulker syft gcpcomputepersistentdiskcsidriver fluxsourcecontroller glow ksops gcsfuse coredns buildkitd boringregistry,"Vulnerabilities for packages: falco-exporter, ipfs, redis-operator, argocd-image-updater, rabbitmq-cluster-operator, k8ssandra-client, trust-manager, zarf, jitsucom-bulker, syft, gcp-compute-persistent-disk-csi-driver, flux-source-controller, glow, ksops, gcsfuse, coredns, buildkitd, boring-registry",Insufficient Maintenance of Security Vulnerabilities
CVE-2025-27636,"Bypass/Injection vulnerability in Apache Camel components under particular conditions.

This issue affects Apache Camel: from 4.10.0 through <= 4.10.1, from 4.8.0 through <= 4.8.4, from 3.10.0 through <= 3.22.3.

Users are recommended to upgrade to version 4.10.2 for 4.10.x LTS, 4.8.5 for 4.8.x LTS ",RabbitMQ,CWE-20,Improper Input Validation,Improper handling of inputs in Apache Camel components under specific conditions,"Allows attackers to bypass security controls or inject malicious code, leading to unauthorized access or system compromise",2025-03-09T13:15:34,5.6,MEDIUM,vulners,"bypassinjection vulnerability in apache camel components under particular conditions

this issue affects apache camel from 4100 through  4101 from 480 through  484 from 3100 through  3223

users are recommended to upgrade to version 4102 for 410x lts 485 for 48x lts ","Bypass/Injection vulnerability in Apache Camel components under particular conditions.

This issue affects Apache Camel: from 4.10.0 through <= 4.10.1, from 4.8.0 through <= 4.8.4, from 3.10.0 through <= 3.22.3.

Users are recommended to upgrade to version 4.10.2 for 4.10.x LTS, 4.8.5 for 4.8.x LTS ",Improper Input Validation
NVD:CVE-2025-27636,"Bypass/Injection vulnerability in Apache Camel components under particular conditions.

This issue affects Apache Camel: from 4.10.0 through <= 4.10.1, from 4.8.0 through <= 4.8.4, from 3.10.0 through <= 3.22.3.

Users are recommended to upgrade to version 4.10.2 for 4.10.x LTS, 4.8.5 for 4.8.x LTS ",RabbitMQ,CWE-74,Improper Neutralization of Special Elements in Output Used by a Downstream Component ('Injection'),Improper input validation in Apache Camel components under specific conditions,Potential for attackers to execute arbitrary code or bypass security mechanisms,2025-03-09T13:15:34,5.6,MEDIUM,vulners,"bypassinjection vulnerability in apache camel components under particular conditions

this issue affects apache camel from 4100 through  4101 from 480 through  484 from 3100 through  3223

users are recommended to upgrade to version 4102 for 410x lts 485 for 48x lts ","Bypass/Injection vulnerability in Apache Camel components under particular conditions.

This issue affects Apache Camel: from 4.10.0 through <= 4.10.1, from 4.8.0 through <= 4.8.4, from 3.10.0 through <= 3.22.3.

Users are recommended to upgrade to version 4.10.2 for 4.10.x LTS, 4.8.5 for 4.8.x LTS ",Improper Neutralization of Special Elements in Output Used by a Downstream Component ('Injection')
VULNRICHMENT:CVE-2025-27636,"Bypass/Injection vulnerability in Apache Camel components under particular conditions.

This issue affects Apache Camel: from 4.10.0 through <= 4.10.1, from 4.8.0 through <= 4.8.4, from 3.10.0 through <= 3.22.3.

Users are recommended to upgrade to version 4.10.2 for 4.10.x LTS, 4.8.5 for 4.8.x LTS ",RabbitMQ,CWE-74,Improper Neutralization of Special Elements in Output Used by a Downstream Component ('Injection'),Improper input validation in Apache Camel components under specific conditions,Potential for attackers to execute arbitrary code or bypass security mechanisms,2025-03-09T12:09:58,0.0,NONE,vulners,"bypassinjection vulnerability in apache camel components under particular conditions

this issue affects apache camel from 4100 through  4101 from 480 through  484 from 3100 through  3223

users are recommended to upgrade to version 4102 for 410x lts 485 for 48x lts ","Bypass/Injection vulnerability in Apache Camel components under particular conditions.

This issue affects Apache Camel: from 4.10.0 through <= 4.10.1, from 4.8.0 through <= 4.8.4, from 3.10.0 through <= 3.22.3.

Users are recommended to upgrade to version 4.10.2 for 4.10.x LTS, 4.8.5 for 4.8.x LTS ",Improper Neutralization of Special Elements in Output Used by a Downstream Component ('Injection')
CVELIST:CVE-2025-27636,"Bypass/Injection vulnerability in Apache Camel components under particular conditions.

This issue affects Apache Camel: from 4.10.0 through <= 4.10.1, from 4.8.0 through <= 4.8.4, from 3.10.0 through <= 3.22.3.

Users are recommended to upgrade to version 4.10.2 for 4.10.x LTS, 4.8.5 for 4.8.x LTS ",RabbitMQ,CWE-74,Improper Neutralization of Special Elements in Output Used by a Downstream Component ('Injection'),Improper input validation in Apache Camel components under specific conditions,Potential for attackers to execute arbitrary code or bypass security mechanisms,2025-03-09T12:09:58,0.0,NONE,vulners,"bypassinjection vulnerability in apache camel components under particular conditions

this issue affects apache camel from 4100 through  4101 from 480 through  484 from 3100 through  3223

users are recommended to upgrade to version 4102 for 410x lts 485 for 48x lts ","Bypass/Injection vulnerability in Apache Camel components under particular conditions.

This issue affects Apache Camel: from 4.10.0 through <= 4.10.1, from 4.8.0 through <= 4.8.4, from 3.10.0 through <= 3.22.3.

Users are recommended to upgrade to version 4.10.2 for 4.10.x LTS, 4.8.5 for 4.8.x LTS ",Improper Neutralization of Special Elements in Output Used by a Downstream Component ('Injection')
CHAINGUARD:CVE-2025-22869,"Vulnerabilities for packages: glab, tigera-operator, harbor-fips, cfssl-fips, flux-kustomize-controller, hugo-extended, istio, dex-fips, hcloud, pulumi, gitlab-pages, rancher-webhook, fq, promxy, kube-fluentd-operator, undock, syft-fips, kubernetes-event-exporter, gitlab-rails-ee-fips, dockerize-fip",RabbitMQ,CWE-937,Using Components with Known Vulnerabilities,Outdated or unpatched third-party components with known vulnerabilities,Exploitation of vulnerabilities in dependencies leading to potential security breaches or system compromise,2025-02-26T08:14:24,7.5,HIGH,vulners,vulnerabilities for packages glab tigeraoperator harborfips cfsslfips fluxkustomizecontroller hugoextended istio dexfips hcloud pulumi gitlabpages rancherwebhook fq promxy kubefluentdoperator undock syftfips kuberneteseventexporter gitlabrailseefips dockerizefip,"Vulnerabilities for packages: glab, tigera-operator, harbor-fips, cfssl-fips, flux-kustomize-controller, hugo-extended, istio, dex-fips, hcloud, pulumi, gitlab-pages, rancher-webhook, fq, promxy, kube-fluentd-operator, undock, syft-fips, kubernetes-event-exporter, gitlab-rails-ee-fips, dockerize-fip",Using Components with Known Vulnerabilities
WOLFI:CVE-2025-22869,"Vulnerabilities for packages: ipfs, kube-vip, kserve, pulumi, kube-metrics-adapter, dynamic-localpv-provisioner, rook, bom, wgcf, neuvector-sigstore-interface, argo-workflows, cloud-provider-aws, op-geth, k8ssandra-client, nginx-prometheus-exporter, trust-manager, oras, loki, go-licenses, terraform-",RabbitMQ,CWE-937,Using Components with Known Vulnerabilities,Use of outdated or vulnerable versions of components,Exploitation of known vulnerabilities leading to system compromise,2025-02-26T08:14:24,7.5,HIGH,vulners,vulnerabilities for packages ipfs kubevip kserve pulumi kubemetricsadapter dynamiclocalpvprovisioner rook bom wgcf neuvectorsigstoreinterface argoworkflows cloudprovideraws opgeth k8ssandraclient nginxprometheusexporter trustmanager oras loki golicenses terraform,"Vulnerabilities for packages: ipfs, kube-vip, kserve, pulumi, kube-metrics-adapter, dynamic-localpv-provisioner, rook, bom, wgcf, neuvector-sigstore-interface, argo-workflows, cloud-provider-aws, op-geth, k8ssandra-client, nginx-prometheus-exporter, trust-manager, oras, loki, go-licenses, terraform-",Using Components with Known Vulnerabilities
WOLFI:CVE-2025-22868,"Vulnerabilities for packages: ipfs, redis-operator, kube-vip, kserve, wgcf, argocd-image-updater, rook, cortex, neuvector-sigstore-interface, cloud-provider-aws, rabbitmq-cluster-operator, mountpoint-s3-csi-driver, k8ssandra-client, zarf, cluster-proportional-autoscaler, kubernetes-dashboard-metrics",RabbitMQ,CWE-200,Exposure of Sensitive Information to an Unauthorized Actor,Insecure configurations or vulnerabilities in third-party components,Unauthorized access to sensitive data,2025-02-26T08:14:24,7.5,HIGH,vulners,vulnerabilities for packages ipfs redisoperator kubevip kserve wgcf argocdimageupdater rook cortex neuvectorsigstoreinterface cloudprovideraws rabbitmqclusteroperator mountpoints3csidriver k8ssandraclient zarf clusterproportionalautoscaler kubernetesdashboardmetrics,"Vulnerabilities for packages: ipfs, redis-operator, kube-vip, kserve, wgcf, argocd-image-updater, rook, cortex, neuvector-sigstore-interface, cloud-provider-aws, rabbitmq-cluster-operator, mountpoint-s3-csi-driver, k8ssandra-client, zarf, cluster-proportional-autoscaler, kubernetes-dashboard-metrics",Exposure of Sensitive Information to an Unauthorized Actor
CHAINGUARD:CVE-2025-22868,"Vulnerabilities for packages: aws-application-networking-k8s, azcopy, jaeger-operator, tigera-operator, harbor-fips, addon-resizer, grype, istio, dex-fips, kube-logging-logging-operator, gitlab-pages, rancher-webhook, kserve-modelmesh-serving, kubernetes-csi-external-provisioner-fips, kube-fluentd-o",RabbitMQ,CWE-937,Using Components with Known Vulnerabilities,Use of outdated or insecure third-party components,Exploitation of known vulnerabilities leading to system compromise,2025-02-26T08:14:24,7.5,HIGH,vulners,vulnerabilities for packages awsapplicationnetworkingk8s azcopy jaegeroperator tigeraoperator harborfips addonresizer grype istio dexfips kubeloggingloggingoperator gitlabpages rancherwebhook kservemodelmeshserving kubernetescsiexternalprovisionerfips kubefluentdo,"Vulnerabilities for packages: aws-application-networking-k8s, azcopy, jaeger-operator, tigera-operator, harbor-fips, addon-resizer, grype, istio, dex-fips, kube-logging-logging-operator, gitlab-pages, rancher-webhook, kserve-modelmesh-serving, kubernetes-csi-external-provisioner-fips, kube-fluentd-o",Using Components with Known Vulnerabilities
WOLFI:GHSA-RR6R-CFGF-GC6H,"Vulnerabilities for packages: pulumi, ip-masq-agent, dynamic-localpv-provisioner, s5cmd, bom, cortex, rabbitmq-cluster-operator, vt-cli, oras, cluster-proportional-autoscaler, kubernetes-dashboard-metrics-scraper, go-licenses, loki, http-echo, nri-memcached, terraform-docs, kyverno-policy-reporter, ",RabbitMQ,CWE-937,Using Components with Known Vulnerabilities,Use of outdated or vulnerable third-party components,Exploitation of known vulnerabilities leading to system compromise,2025-02-25T15:16:36,0.0,NONE,vulners,vulnerabilities for packages pulumi ipmasqagent dynamiclocalpvprovisioner s5cmd bom cortex rabbitmqclusteroperator vtcli oras clusterproportionalautoscaler kubernetesdashboardmetricsscraper golicenses loki httpecho nrimemcached terraformdocs kyvernopolicyreporter ,"Vulnerabilities for packages: pulumi, ip-masq-agent, dynamic-localpv-provisioner, s5cmd, bom, cortex, rabbitmq-cluster-operator, vt-cli, oras, cluster-proportional-autoscaler, kubernetes-dashboard-metrics-scraper, go-licenses, loki, http-echo, nri-memcached, terraform-docs, kyverno-policy-reporter, ",Using Components with Known Vulnerabilities
WOLFI:GHSA-5FQ7-4MXC-535H,"Vulnerabilities for packages: ipfs, newrelic-nri-statsd, wgcf, ip-masq-agent, dynamic-localpv-provisioner, s5cmd, bom, cortex, trust-manager, vt-cli, oras, loki, kubernetes-dashboard-metrics-scraper, go-licenses, rootlesskit, http-echo, terraform-docs, newrelic-infra-operator, secrets-store-csi-driv",RabbitMQ,CWE-937,Using Components with Known Vulnerabilities,Outdated or insecure third-party dependencies in multiple components,Exploitation of known vulnerabilities leading to system compromise or data breaches,2025-02-25T15:16:36,0.0,NONE,vulners,vulnerabilities for packages ipfs newrelicnristatsd wgcf ipmasqagent dynamiclocalpvprovisioner s5cmd bom cortex trustmanager vtcli oras loki kubernetesdashboardmetricsscraper golicenses rootlesskit httpecho terraformdocs newrelicinfraoperator secretsstorecsidriv,"Vulnerabilities for packages: ipfs, newrelic-nri-statsd, wgcf, ip-masq-agent, dynamic-localpv-provisioner, s5cmd, bom, cortex, trust-manager, vt-cli, oras, loki, kubernetes-dashboard-metrics-scraper, go-licenses, rootlesskit, http-echo, terraform-docs, newrelic-infra-operator, secrets-store-csi-driv",Using Components with Known Vulnerabilities
WOLFI:GHSA-7WRW-R4P8-38RX,"Vulnerabilities for packages: falco-exporter, wgcf, s5cmd, k8ssandra-client, trust-manager, ytt, kaf, gcp-compute-persistent-disk-csi-driver, flux-source-controller, docker-credential-gcr, prometheus-postgres-exporter, prometheus-statsd-exporter, redka, xcaddy, nri-couchbase, fscrypt, glow, azuredis",RabbitMQ,CWE-1104,Use of Unmaintained Third Party Components,Use of outdated or unmaintained dependencies/components,Potential exploitation of unpatched vulnerabilities in third-party components,2025-02-25T15:16:36,0.0,NONE,vulners,vulnerabilities for packages falcoexporter wgcf s5cmd k8ssandraclient trustmanager ytt kaf gcpcomputepersistentdiskcsidriver fluxsourcecontroller dockercredentialgcr prometheuspostgresexporter prometheusstatsdexporter redka xcaddy nricouchbase fscrypt glow azuredis,"Vulnerabilities for packages: falco-exporter, wgcf, s5cmd, k8ssandra-client, trust-manager, ytt, kaf, gcp-compute-persistent-disk-csi-driver, flux-source-controller, docker-credential-gcr, prometheus-postgres-exporter, prometheus-statsd-exporter, redka, xcaddy, nri-couchbase, fscrypt, glow, azuredis",Use of Unmaintained Third Party Components
WOLFI:GHSA-CRQM-PWHX-J97F,"Vulnerabilities for packages: ipfs, wgcf, s5cmd, teleport, rabbitmq-cluster-operator, k8ssandra-client, trust-manager, zarf, ytt, jitsucom-bulker, kaf, syft, flux-source-controller, libnvidia-container, docker-credential-gcr, prometheus-postgres-exporter, nri-haproxy, prometheus-statsd-exporter, red",RabbitMQ,CWE-1035,Inclusion of Vulnerable Third-Party Components,Use of outdated or insecure dependencies/packages,"Potential exploitation leading to system compromise, data breaches, or unauthorized access",2025-02-25T15:16:36,0.0,NONE,vulners,vulnerabilities for packages ipfs wgcf s5cmd teleport rabbitmqclusteroperator k8ssandraclient trustmanager zarf ytt jitsucombulker kaf syft fluxsourcecontroller libnvidiacontainer dockercredentialgcr prometheuspostgresexporter nrihaproxy prometheusstatsdexporter red,"Vulnerabilities for packages: ipfs, wgcf, s5cmd, teleport, rabbitmq-cluster-operator, k8ssandra-client, trust-manager, zarf, ytt, jitsucom-bulker, kaf, syft, flux-source-controller, libnvidia-container, docker-credential-gcr, prometheus-postgres-exporter, nri-haproxy, prometheus-statsd-exporter, red",Inclusion of Vulnerable Third-Party Components
WOLFI:GHSA-2JWV-JMQ4-4J3R,"Vulnerabilities for packages: ipfs, newrelic-nri-statsd, wgcf, ip-masq-agent, dynamic-localpv-provisioner, s5cmd, bom, cortex, trust-manager, vt-cli, oras, loki, kubernetes-dashboard-metrics-scraper, go-licenses, rootlesskit, http-echo, terraform-docs, newrelic-infra-operator, secrets-store-csi-driv",RabbitMQ,CWE-937,Using Components with Known Vulnerabilities,Use of outdated or unpatched third-party components,Exploitation of known vulnerabilities leading to system compromise or data exposure,2025-02-25T15:16:36,0.0,NONE,vulners,vulnerabilities for packages ipfs newrelicnristatsd wgcf ipmasqagent dynamiclocalpvprovisioner s5cmd bom cortex trustmanager vtcli oras loki kubernetesdashboardmetricsscraper golicenses rootlesskit httpecho terraformdocs newrelicinfraoperator secretsstorecsidriv,"Vulnerabilities for packages: ipfs, newrelic-nri-statsd, wgcf, ip-masq-agent, dynamic-localpv-provisioner, s5cmd, bom, cortex, trust-manager, vt-cli, oras, loki, kubernetes-dashboard-metrics-scraper, go-licenses, rootlesskit, http-echo, terraform-docs, newrelic-infra-operator, secrets-store-csi-driv",Using Components with Known Vulnerabilities
WOLFI:GHSA-3Q2C-PVP5-3CQP,"Vulnerabilities for packages: pulumi, ip-masq-agent, dynamic-localpv-provisioner, s5cmd, bom, cortex, rabbitmq-cluster-operator, vt-cli, oras, cluster-proportional-autoscaler, kubernetes-dashboard-metrics-scraper, go-licenses, loki, http-echo, nri-memcached, terraform-docs, kyverno-policy-reporter, ",RabbitMQ,CWE-937,Using Components with Known Vulnerabilities,Use of outdated or vulnerable third-party components,Exploitation of known vulnerabilities leading to system compromise,2025-02-25T15:16:36,0.0,NONE,vulners,vulnerabilities for packages pulumi ipmasqagent dynamiclocalpvprovisioner s5cmd bom cortex rabbitmqclusteroperator vtcli oras clusterproportionalautoscaler kubernetesdashboardmetricsscraper golicenses loki httpecho nrimemcached terraformdocs kyvernopolicyreporter ,"Vulnerabilities for packages: pulumi, ip-masq-agent, dynamic-localpv-provisioner, s5cmd, bom, cortex, rabbitmq-cluster-operator, vt-cli, oras, cluster-proportional-autoscaler, kubernetes-dashboard-metrics-scraper, go-licenses, loki, http-echo, nri-memcached, terraform-docs, kyverno-policy-reporter, ",Using Components with Known Vulnerabilities
WOLFI:GHSA-FGQ5-Q76C-GX78,"Vulnerabilities for packages: pulumi, ip-masq-agent, dynamic-localpv-provisioner, s5cmd, bom, cortex, rabbitmq-cluster-operator, vt-cli, oras, cluster-proportional-autoscaler, kubernetes-dashboard-metrics-scraper, go-licenses, loki, http-echo, nri-memcached, terraform-docs, kyverno-policy-reporter, ",RabbitMQ,CWE-937,Using Components with Known Vulnerabilities,Use of outdated or vulnerable third-party components,Exploitation of known vulnerabilities leading to system compromise,2025-02-25T15:16:36,0.0,NONE,vulners,vulnerabilities for packages pulumi ipmasqagent dynamiclocalpvprovisioner s5cmd bom cortex rabbitmqclusteroperator vtcli oras clusterproportionalautoscaler kubernetesdashboardmetricsscraper golicenses loki httpecho nrimemcached terraformdocs kyvernopolicyreporter ,"Vulnerabilities for packages: pulumi, ip-masq-agent, dynamic-localpv-provisioner, s5cmd, bom, cortex, rabbitmq-cluster-operator, vt-cli, oras, cluster-proportional-autoscaler, kubernetes-dashboard-metrics-scraper, go-licenses, loki, http-echo, nri-memcached, terraform-docs, kyverno-policy-reporter, ",Using Components with Known Vulnerabilities
WOLFI:GHSA-J6M3-GC37-6R6Q,"Vulnerabilities for packages: pulumi, ip-masq-agent, dynamic-localpv-provisioner, s5cmd, bom, cortex, rabbitmq-cluster-operator, vt-cli, oras, cluster-proportional-autoscaler, kubernetes-dashboard-metrics-scraper, go-licenses, loki, http-echo, nri-memcached, terraform-docs, kyverno-policy-reporter, ",RabbitMQ,CWE-937,Using Components with Known Vulnerabilities,Use of outdated or vulnerable third-party components,Exploitation of known vulnerabilities leading to system compromise,2025-02-25T15:16:36,0.0,NONE,vulners,vulnerabilities for packages pulumi ipmasqagent dynamiclocalpvprovisioner s5cmd bom cortex rabbitmqclusteroperator vtcli oras clusterproportionalautoscaler kubernetesdashboardmetricsscraper golicenses loki httpecho nrimemcached terraformdocs kyvernopolicyreporter ,"Vulnerabilities for packages: pulumi, ip-masq-agent, dynamic-localpv-provisioner, s5cmd, bom, cortex, rabbitmq-cluster-operator, vt-cli, oras, cluster-proportional-autoscaler, kubernetes-dashboard-metrics-scraper, go-licenses, loki, http-echo, nri-memcached, terraform-docs, kyverno-policy-reporter, ",Using Components with Known Vulnerabilities
NVD:CVE-2020-13821,"An issue was discovered in HiveMQ Broker Control Center 4.3.2. A crafted clientid parameter in an MQTT packet (sent to the Broker) is reflected in the client section of the management console. The attacker's JavaScript is loaded in a browser, which can lead to theft of the session and cookie of the ",HiveMQ,CWE-79,Improper Neutralization of Input During Web Page Generation ('Cross-site Scripting'),Improper sanitization of the clientid parameter in MQTT packets,Session and cookie theft leading to session hijacking,2020-08-26T16:15:12,5.4,MEDIUM,vulners,an issue was discovered in hivemq broker control center 432 a crafted clientid parameter in an mqtt packet sent to the broker is reflected in the client section of the management console the attackers javascript is loaded in a browser which can lead to theft of the session and cookie of the ,"An issue was discovered in HiveMQ Broker Control Center 4.3.2. A crafted clientid parameter in an MQTT packet (sent to the Broker) is reflected in the client section of the management console. The attacker's JavaScript is loaded in a browser, which can lead to theft of the session and cookie of the ",Improper Neutralization of Input During Web Page Generation ('Cross-site Scripting')
CVE-2020-13821,"An issue was discovered in HiveMQ Broker Control Center 4.3.2. A crafted clientid parameter in an MQTT packet (sent to the Broker) is reflected in the client section of the management console. The attacker's JavaScript is loaded in a browser, which can lead to theft of the session and cookie of the ",HiveMQ,CWE-79,Improper Neutralization of Input During Web Page Generation ('Cross-site Scripting'),Improper sanitization of the clientid parameter in MQTT packets,Session and cookie theft leading to session hijacking,2020-08-26T16:15:12,5.4,MEDIUM,vulners,an issue was discovered in hivemq broker control center 432 a crafted clientid parameter in an mqtt packet sent to the broker is reflected in the client section of the management console the attackers javascript is loaded in a browser which can lead to theft of the session and cookie of the ,"An issue was discovered in HiveMQ Broker Control Center 4.3.2. A crafted clientid parameter in an MQTT packet (sent to the Broker) is reflected in the client section of the management console. The attacker's JavaScript is loaded in a browser, which can lead to theft of the session and cookie of the ",Improper Neutralization of Input During Web Page Generation ('Cross-site Scripting')
PRION:CVE-2020-13821,"An issue was discovered in HiveMQ Broker Control Center 4.3.2. A crafted clientid parameter in an MQTT packet (sent to the Broker) is reflected in the client section of the management console. The attacker's JavaScript is loaded in a browser, which can lead to theft of the session and cookie of the ",HiveMQ,CWE-79,Improper Neutralization of Input During Web Page Generation ('Cross-site Scripting'),Improper sanitization of the clientid parameter in MQTT packets,Session and cookie theft leading to session hijacking,2020-08-26T16:15:00,3.5,,vulners,an issue was discovered in hivemq broker control center 432 a crafted clientid parameter in an mqtt packet sent to the broker is reflected in the client section of the management console the attackers javascript is loaded in a browser which can lead to theft of the session and cookie of the ,"An issue was discovered in HiveMQ Broker Control Center 4.3.2. A crafted clientid parameter in an MQTT packet (sent to the Broker) is reflected in the client section of the management console. The attacker's JavaScript is loaded in a browser, which can lead to theft of the session and cookie of the ",Improper Neutralization of Input During Web Page Generation ('Cross-site Scripting')
CVELIST:CVE-2020-13821,"An issue was discovered in HiveMQ Broker Control Center 4.3.2. A crafted clientid parameter in an MQTT packet (sent to the Broker) is reflected in the client section of the management console. The attacker's JavaScript is loaded in a browser, which can lead to theft of the session and cookie of the ",HiveMQ,CWE-79,Improper Neutralization of Input During Web Page Generation ('Cross-site Scripting'),Improper sanitization of the clientid parameter in MQTT packets,Session and cookie theft leading to session hijacking,2020-08-26T15:23:46,0.0,NONE,vulners,an issue was discovered in hivemq broker control center 432 a crafted clientid parameter in an mqtt packet sent to the broker is reflected in the client section of the management console the attackers javascript is loaded in a browser which can lead to theft of the session and cookie of the ,"An issue was discovered in HiveMQ Broker Control Center 4.3.2. A crafted clientid parameter in an MQTT packet (sent to the Broker) is reflected in the client section of the management console. The attacker's JavaScript is loaded in a browser, which can lead to theft of the session and cookie of the ",Improper Neutralization of Input During Web Page Generation ('Cross-site Scripting')
